faces,places
f32a.jpg,p43a.jpg
f05a.jpg,p49a.jpg
f43a.jpg,p31a.jpg
f42a.jpg,p35a.jpg
f06a.jpg,p30a.jpg
f08a.jpg,p25a.jpg
f33a.jpg,p15a.jpg
f11a.jpg,p04a.jpg
f47a.jpg,p14a.jpg
f16a.jpg,p41a.jpg
f10a.jpg,p03a.jpg
f37a.jpg,p44a.jpg
f24a.jpg,p24a.jpg
f03a.jpg,p05a.jpg
f30a.jpg,p17a.jpg
f35a.jpg,p48a.jpg
f20a.jpg,p38a.jpg
f50a.jpg,p33a.jpg
f23a.jpg,p10a.jpg
f17a.jpg,p23a.jpg
f39a.jpg,p12a.jpg
f12a.jpg,p07a.jpg
f36a.jpg,p06a.jpg
f02a.jpg,p39a.jpg
f34a.jpg,p27a.jpg
f19a.jpg,p50a.jpg
f29a.jpg,p47a.jpg
f15a.jpg,p21a.jpg
f41a.jpg,p40a.jpg
f09a.jpg,p13a.jpg
f32b.jpg,p43b.jpg
f05b.jpg,p49b.jpg
f43b.jpg,p31b.jpg
f42b.jpg,p35b.jpg
f06b.jpg,p30b.jpg
f08b.jpg,p25b.jpg
f33b.jpg,p15b.jpg
f11b.jpg,p04b.jpg
f47b.jpg,p14b.jpg
f16b.jpg,p41b.jpg
f10b.jpg,p03b.jpg
f37b.jpg,p44b.jpg
f24b.jpg,p24b.jpg
f03b.jpg,p05b.jpg
f30b.jpg,p17b.jpg
f35b.jpg,p48b.jpg
f20b.jpg,p38b.jpg
f50b.jpg,p33b.jpg
f23b.jpg,p10b.jpg
f17b.jpg,p23b.jpg
f39b.jpg,p12b.jpg
f12b.jpg,p07b.jpg
f36b.jpg,p06b.jpg
f02b.jpg,p39b.jpg
f34b.jpg,p27b.jpg
f19b.jpg,p50b.jpg
f29b.jpg,p47b.jpg
f15b.jpg,p21b.jpg
f41b.jpg,p40b.jpg
f09b.jpg,p13b.jpg
