faces,places
f16a.jpg,p09a.jpg
f07a.jpg,p28a.jpg
f47a.jpg,p14a.jpg
f25a.jpg,p15a.jpg
f09a.jpg,p40a.jpg
f06a.jpg,p01a.jpg
f19a.jpg,p24a.jpg
f34a.jpg,p05a.jpg
f11a.jpg,p22a.jpg
f17a.jpg,p04a.jpg
f48a.jpg,p27a.jpg
f33a.jpg,p12a.jpg
f27a.jpg,p03a.jpg
f42a.jpg,p06a.jpg
f02a.jpg,p25a.jpg
f37a.jpg,p19a.jpg
f40a.jpg,p13a.jpg
f43a.jpg,p17a.jpg
f38a.jpg,p23a.jpg
f46a.jpg,p36a.jpg
f23a.jpg,p42a.jpg
f32a.jpg,p43a.jpg
f05a.jpg,p26a.jpg
f03a.jpg,p47a.jpg
f08a.jpg,p10a.jpg
f01a.jpg,p49a.jpg
f10a.jpg,p32a.jpg
f22a.jpg,p37a.jpg
f20a.jpg,p46a.jpg
f31a.jpg,p02a.jpg
f16b.jpg,p09b.jpg
f07b.jpg,p28b.jpg
f47b.jpg,p14b.jpg
f25b.jpg,p15b.jpg
f09b.jpg,p40b.jpg
f06b.jpg,p01b.jpg
f19b.jpg,p24b.jpg
f34b.jpg,p05b.jpg
f11b.jpg,p22b.jpg
f17b.jpg,p04b.jpg
f48b.jpg,p27b.jpg
f33b.jpg,p12b.jpg
f27b.jpg,p03b.jpg
f42b.jpg,p06b.jpg
f02b.jpg,p25b.jpg
f37b.jpg,p19b.jpg
f40b.jpg,p13b.jpg
f43b.jpg,p17b.jpg
f38b.jpg,p23b.jpg
f46b.jpg,p36b.jpg
f23b.jpg,p42b.jpg
f32b.jpg,p43b.jpg
f05b.jpg,p26b.jpg
f03b.jpg,p47b.jpg
f08b.jpg,p10b.jpg
f01b.jpg,p49b.jpg
f10b.jpg,p32b.jpg
f22b.jpg,p37b.jpg
f20b.jpg,p46b.jpg
f31b.jpg,p02b.jpg
