faces,places
f34a.jpg,p58a.jpg
f57a.jpg,p28a.jpg
f43a.jpg,p05a.jpg
f60a.jpg,p10a.jpg
f48a.jpg,p57a.jpg
f56a.jpg,p14a.jpg
f50a.jpg,p53a.jpg
f52a.jpg,p54a.jpg
f61a.jpg,p07a.jpg
f31a.jpg,p04a.jpg
f65a.jpg,p63a.jpg
f44a.jpg,p26a.jpg
f64a.jpg,p59a.jpg
f24a.jpg,p30a.jpg
f36a.jpg,p01a.jpg
f41a.jpg,p27a.jpg
f51a.jpg,p64a.jpg
f53a.jpg,p49a.jpg
f28a.jpg,p61a.jpg
f12a.jpg,p52a.jpg
f62a.jpg,p21a.jpg
f30a.jpg,p13a.jpg
f59a.jpg,p08a.jpg
f19a.jpg,p15a.jpg
f55a.jpg,p37a.jpg
f49a.jpg,p44a.jpg
f42a.jpg,p56a.jpg
f40a.jpg,p03a.jpg
f01a.jpg,p62a.jpg
f37a.jpg,p22a.jpg
f34b.jpg,p58b.jpg
f57b.jpg,p28b.jpg
f43b.jpg,p05b.jpg
f60b.jpg,p10b.jpg
f48b.jpg,p57b.jpg
f56b.jpg,p14b.jpg
f50b.jpg,p53b.jpg
f52b.jpg,p54b.jpg
f61b.jpg,p07b.jpg
f31b.jpg,p04b.jpg
f65b.jpg,p63b.jpg
f44b.jpg,p26b.jpg
f64b.jpg,p59b.jpg
f24b.jpg,p30b.jpg
f36b.jpg,p01b.jpg
f41b.jpg,p27b.jpg
f51b.jpg,p64b.jpg
f53b.jpg,p49b.jpg
f28b.jpg,p61b.jpg
f12b.jpg,p52b.jpg
f62b.jpg,p21b.jpg
f30b.jpg,p13b.jpg
f59b.jpg,p08b.jpg
f19b.jpg,p15b.jpg
f55b.jpg,p37b.jpg
f49b.jpg,p44b.jpg
f42b.jpg,p56b.jpg
f40b.jpg,p03b.jpg
f01b.jpg,p62b.jpg
f37b.jpg,p22b.jpg
