faces,places
f54a.jpg,p04a.jpg
f04a.jpg,p27a.jpg
f06a.jpg,p12a.jpg
f53a.jpg,p16a.jpg
f12a.jpg,p10a.jpg
f47a.jpg,p09a.jpg
f46a.jpg,p25a.jpg
f09a.jpg,p51a.jpg
f20a.jpg,p17a.jpg
f61a.jpg,p01a.jpg
f56a.jpg,p24a.jpg
f63a.jpg,p13a.jpg
f21a.jpg,p05a.jpg
f55a.jpg,p21a.jpg
f64a.jpg,p07a.jpg
f32a.jpg,p54a.jpg
f65a.jpg,p62a.jpg
f51a.jpg,p14a.jpg
f05a.jpg,p57a.jpg
f49a.jpg,p15a.jpg
f62a.jpg,p19a.jpg
f59a.jpg,p50a.jpg
f23a.jpg,p43a.jpg
f60a.jpg,p49a.jpg
f17a.jpg,p40a.jpg
f40a.jpg,p23a.jpg
f02a.jpg,p30a.jpg
f33a.jpg,p56a.jpg
f13a.jpg,p22a.jpg
f52a.jpg,p61a.jpg
f54b.jpg,p04b.jpg
f04b.jpg,p27b.jpg
f06b.jpg,p12b.jpg
f53b.jpg,p16b.jpg
f12b.jpg,p10b.jpg
f47b.jpg,p09b.jpg
f46b.jpg,p25b.jpg
f09b.jpg,p51b.jpg
f20b.jpg,p17b.jpg
f61b.jpg,p01b.jpg
f56b.jpg,p24b.jpg
f63b.jpg,p13b.jpg
f21b.jpg,p05b.jpg
f55b.jpg,p21b.jpg
f64b.jpg,p07b.jpg
f32b.jpg,p54b.jpg
f65b.jpg,p62b.jpg
f51b.jpg,p14b.jpg
f05b.jpg,p57b.jpg
f49b.jpg,p15b.jpg
f62b.jpg,p19b.jpg
f59b.jpg,p50b.jpg
f23b.jpg,p43b.jpg
f60b.jpg,p49b.jpg
f17b.jpg,p40b.jpg
f40b.jpg,p23b.jpg
f02b.jpg,p30b.jpg
f33b.jpg,p56b.jpg
f13b.jpg,p22b.jpg
f52b.jpg,p61b.jpg
