faces,places
f52a.jpg,p01a.jpg
f62a.jpg,p57a.jpg
f37a.jpg,p08a.jpg
f32a.jpg,p15a.jpg
f39a.jpg,p62a.jpg
f53a.jpg,p13a.jpg
f40a.jpg,p54a.jpg
f02a.jpg,p67a.jpg
f56a.jpg,p51a.jpg
f51a.jpg,p52a.jpg
f65a.jpg,p05a.jpg
f47a.jpg,p04a.jpg
f67a.jpg,p07a.jpg
f54a.jpg,p55a.jpg
f09a.jpg,p56a.jpg
f66a.jpg,p14a.jpg
f05a.jpg,p16a.jpg
f46a.jpg,p64a.jpg
f06a.jpg,p45a.jpg
f60a.jpg,p25a.jpg
f11a.jpg,p47a.jpg
f07a.jpg,p32a.jpg
f63a.jpg,p37a.jpg
f16a.jpg,p22a.jpg
f10a.jpg,p27a.jpg
f20a.jpg,p21a.jpg
f34a.jpg,p39a.jpg
f15a.jpg,p53a.jpg
f03a.jpg,p02a.jpg
f58a.jpg,p60a.jpg
f52b.jpg,p01b.jpg
f62b.jpg,p57b.jpg
f37b.jpg,p08b.jpg
f32b.jpg,p15b.jpg
f39b.jpg,p62b.jpg
f53b.jpg,p13b.jpg
f40b.jpg,p54b.jpg
f02b.jpg,p67b.jpg
f56b.jpg,p51b.jpg
f51b.jpg,p52b.jpg
f65b.jpg,p05b.jpg
f47b.jpg,p04b.jpg
f67b.jpg,p07b.jpg
f54b.jpg,p55b.jpg
f09b.jpg,p56b.jpg
f66b.jpg,p14b.jpg
f05b.jpg,p16b.jpg
f46b.jpg,p64b.jpg
f06b.jpg,p45b.jpg
f60b.jpg,p25b.jpg
f11b.jpg,p47b.jpg
f07b.jpg,p32b.jpg
f63b.jpg,p37b.jpg
f16b.jpg,p22b.jpg
f10b.jpg,p27b.jpg
f20b.jpg,p21b.jpg
f34b.jpg,p39b.jpg
f15b.jpg,p53b.jpg
f03b.jpg,p02b.jpg
f58b.jpg,p60b.jpg
