faces,places
f15a.jpg,p07a.jpg
f47a.jpg,p13a.jpg
f03a.jpg,p49a.jpg
f23a.jpg,p01a.jpg
f50a.jpg,p24a.jpg
f05a.jpg,p05a.jpg
f29a.jpg,p12a.jpg
f34a.jpg,p28a.jpg
f42a.jpg,p21a.jpg
f38a.jpg,p50a.jpg
f06a.jpg,p15a.jpg
f02a.jpg,p14a.jpg
f31a.jpg,p22a.jpg
f01a.jpg,p17a.jpg
f16a.jpg,p09a.jpg
f37a.jpg,p16a.jpg
f12a.jpg,p02a.jpg
f24a.jpg,p10a.jpg
f19a.jpg,p23a.jpg
f44a.jpg,p45a.jpg
f07a.jpg,p32a.jpg
f46a.jpg,p42a.jpg
f35a.jpg,p33a.jpg
f28a.jpg,p40a.jpg
f10a.jpg,p08a.jpg
f30a.jpg,p04a.jpg
f43a.jpg,p03a.jpg
f20a.jpg,p11a.jpg
f22a.jpg,p39a.jpg
f26a.jpg,p44a.jpg
f15b.jpg,p07b.jpg
f47b.jpg,p13b.jpg
f03b.jpg,p49b.jpg
f23b.jpg,p01b.jpg
f50b.jpg,p24b.jpg
f05b.jpg,p05b.jpg
f29b.jpg,p12b.jpg
f34b.jpg,p28b.jpg
f42b.jpg,p21b.jpg
f38b.jpg,p50b.jpg
f06b.jpg,p15b.jpg
f02b.jpg,p14b.jpg
f31b.jpg,p22b.jpg
f01b.jpg,p17b.jpg
f16b.jpg,p09b.jpg
f37b.jpg,p16b.jpg
f12b.jpg,p02b.jpg
f24b.jpg,p10b.jpg
f19b.jpg,p23b.jpg
f44b.jpg,p45b.jpg
f07b.jpg,p32b.jpg
f46b.jpg,p42b.jpg
f35b.jpg,p33b.jpg
f28b.jpg,p40b.jpg
f10b.jpg,p08b.jpg
f30b.jpg,p04b.jpg
f43b.jpg,p03b.jpg
f20b.jpg,p11b.jpg
f22b.jpg,p39b.jpg
f26b.jpg,p44b.jpg
