faces,places
f37a.jpg,p51a.jpg
f66a.jpg,p32a.jpg
f54a.jpg,p08a.jpg
f58a.jpg,p09a.jpg
f67a.jpg,p56a.jpg
f56a.jpg,p52a.jpg
f32a.jpg,p67a.jpg
f41a.jpg,p53a.jpg
f51a.jpg,p54a.jpg
f12a.jpg,p59a.jpg
f52a.jpg,p55a.jpg
f09a.jpg,p62a.jpg
f06a.jpg,p60a.jpg
f10a.jpg,p25a.jpg
f36a.jpg,p07a.jpg
f55a.jpg,p40a.jpg
f65a.jpg,p04a.jpg
f42a.jpg,p42a.jpg
f01a.jpg,p05a.jpg
f15a.jpg,p64a.jpg
f16a.jpg,p27a.jpg
f11a.jpg,p03a.jpg
f49a.jpg,p49a.jpg
f02a.jpg,p58a.jpg
f61a.jpg,p30a.jpg
f46a.jpg,p61a.jpg
f26a.jpg,p14a.jpg
f44a.jpg,p38a.jpg
f34a.jpg,p19a.jpg
f60a.jpg,p06a.jpg
f37b.jpg,p51b.jpg
f66b.jpg,p32b.jpg
f54b.jpg,p08b.jpg
f58b.jpg,p09b.jpg
f67b.jpg,p56b.jpg
f56b.jpg,p52b.jpg
f32b.jpg,p67b.jpg
f41b.jpg,p53b.jpg
f51b.jpg,p54b.jpg
f12b.jpg,p59b.jpg
f52b.jpg,p55b.jpg
f09b.jpg,p62b.jpg
f06b.jpg,p60b.jpg
f10b.jpg,p25b.jpg
f36b.jpg,p07b.jpg
f55b.jpg,p40b.jpg
f65b.jpg,p04b.jpg
f42b.jpg,p42b.jpg
f01b.jpg,p05b.jpg
f15b.jpg,p64b.jpg
f16b.jpg,p27b.jpg
f11b.jpg,p03b.jpg
f49b.jpg,p49b.jpg
f02b.jpg,p58b.jpg
f61b.jpg,p30b.jpg
f46b.jpg,p61b.jpg
f26b.jpg,p14b.jpg
f44b.jpg,p38b.jpg
f34b.jpg,p19b.jpg
f60b.jpg,p06b.jpg
