faces,places
f45a.jpg,p17a.jpg
f38a.jpg,p01a.jpg
f08a.jpg,p10a.jpg
f07a.jpg,p04a.jpg
f22a.jpg,p33a.jpg
f47a.jpg,p02a.jpg
f17a.jpg,p05a.jpg
f16a.jpg,p16a.jpg
f23a.jpg,p26a.jpg
f19a.jpg,p08a.jpg
f02a.jpg,p42a.jpg
f06a.jpg,p44a.jpg
f50a.jpg,p03a.jpg
f40a.jpg,p47a.jpg
f09a.jpg,p39a.jpg
f04a.jpg,p24a.jpg
f20a.jpg,p23a.jpg
f12a.jpg,p45a.jpg
f36a.jpg,p49a.jpg
f33a.jpg,p07a.jpg
f39a.jpg,p14a.jpg
f03a.jpg,p25a.jpg
f28a.jpg,p09a.jpg
f41a.jpg,p12a.jpg
f46a.jpg,p20a.jpg
f44a.jpg,p18a.jpg
f01a.jpg,p28a.jpg
f32a.jpg,p19a.jpg
f24a.jpg,p11a.jpg
f43a.jpg,p21a.jpg
f45b.jpg,p17b.jpg
f38b.jpg,p01b.jpg
f08b.jpg,p10b.jpg
f07b.jpg,p04b.jpg
f22b.jpg,p33b.jpg
f47b.jpg,p02b.jpg
f17b.jpg,p05b.jpg
f16b.jpg,p16b.jpg
f23b.jpg,p26b.jpg
f19b.jpg,p08b.jpg
f02b.jpg,p42b.jpg
f06b.jpg,p44b.jpg
f50b.jpg,p03b.jpg
f40b.jpg,p47b.jpg
f09b.jpg,p39b.jpg
f04b.jpg,p24b.jpg
f20b.jpg,p23b.jpg
f12b.jpg,p45b.jpg
f36b.jpg,p49b.jpg
f33b.jpg,p07b.jpg
f39b.jpg,p14b.jpg
f03b.jpg,p25b.jpg
f28b.jpg,p09b.jpg
f41b.jpg,p12b.jpg
f46b.jpg,p20b.jpg
f44b.jpg,p18b.jpg
f01b.jpg,p28b.jpg
f32b.jpg,p19b.jpg
f24b.jpg,p11b.jpg
f43b.jpg,p21b.jpg
