faces,places
f22a.jpg,p45a.jpg
f47a.jpg,p10a.jpg
f05a.jpg,p05a.jpg
f46a.jpg,p33a.jpg
f34a.jpg,p04a.jpg
f33a.jpg,p48a.jpg
f06a.jpg,p01a.jpg
f01a.jpg,p09a.jpg
f39a.jpg,p02a.jpg
f37a.jpg,p08a.jpg
f19a.jpg,p15a.jpg
f32a.jpg,p23a.jpg
f40a.jpg,p03a.jpg
f42a.jpg,p20a.jpg
f50a.jpg,p47a.jpg
f07a.jpg,p46a.jpg
f04a.jpg,p28a.jpg
f15a.jpg,p07a.jpg
f11a.jpg,p14a.jpg
f28a.jpg,p49a.jpg
f45a.jpg,p16a.jpg
f20a.jpg,p21a.jpg
f02a.jpg,p12a.jpg
f31a.jpg,p13a.jpg
f09a.jpg,p50a.jpg
f43a.jpg,p18a.jpg
f03a.jpg,p06a.jpg
f08a.jpg,p34a.jpg
f29a.jpg,p35a.jpg
f23a.jpg,p24a.jpg
f22b.jpg,p45b.jpg
f47b.jpg,p10b.jpg
f05b.jpg,p05b.jpg
f46b.jpg,p33b.jpg
f34b.jpg,p04b.jpg
f33b.jpg,p48b.jpg
f06b.jpg,p01b.jpg
f01b.jpg,p09b.jpg
f39b.jpg,p02b.jpg
f37b.jpg,p08b.jpg
f19b.jpg,p15b.jpg
f32b.jpg,p23b.jpg
f40b.jpg,p03b.jpg
f42b.jpg,p20b.jpg
f50b.jpg,p47b.jpg
f07b.jpg,p46b.jpg
f04b.jpg,p28b.jpg
f15b.jpg,p07b.jpg
f11b.jpg,p14b.jpg
f28b.jpg,p49b.jpg
f45b.jpg,p16b.jpg
f20b.jpg,p21b.jpg
f02b.jpg,p12b.jpg
f31b.jpg,p13b.jpg
f09b.jpg,p50b.jpg
f43b.jpg,p18b.jpg
f03b.jpg,p06b.jpg
f08b.jpg,p34b.jpg
f29b.jpg,p35b.jpg
f23b.jpg,p24b.jpg
