faces,places
f02a.jpg,p01a.jpg
f40a.jpg,p42a.jpg
f06a.jpg,p13a.jpg
f05a.jpg,p19a.jpg
f04a.jpg,p05a.jpg
f37a.jpg,p08a.jpg
f43a.jpg,p40a.jpg
f42a.jpg,p22a.jpg
f01a.jpg,p12a.jpg
f12a.jpg,p27a.jpg
f45a.jpg,p25a.jpg
f50a.jpg,p49a.jpg
f44a.jpg,p14a.jpg
f26a.jpg,p07a.jpg
f24a.jpg,p09a.jpg
f49a.jpg,p46a.jpg
f31a.jpg,p26a.jpg
f20a.jpg,p15a.jpg
f23a.jpg,p32a.jpg
f47a.jpg,p43a.jpg
f11a.jpg,p17a.jpg
f33a.jpg,p24a.jpg
f32a.jpg,p02a.jpg
f09a.jpg,p28a.jpg
f39a.jpg,p47a.jpg
f30a.jpg,p06a.jpg
f41a.jpg,p44a.jpg
f48a.jpg,p10a.jpg
f46a.jpg,p48a.jpg
f25a.jpg,p39a.jpg
f02b.jpg,p01b.jpg
f40b.jpg,p42b.jpg
f06b.jpg,p13b.jpg
f05b.jpg,p19b.jpg
f04b.jpg,p05b.jpg
f37b.jpg,p08b.jpg
f43b.jpg,p40b.jpg
f42b.jpg,p22b.jpg
f01b.jpg,p12b.jpg
f12b.jpg,p27b.jpg
f45b.jpg,p25b.jpg
f50b.jpg,p49b.jpg
f44b.jpg,p14b.jpg
f26b.jpg,p07b.jpg
f24b.jpg,p09b.jpg
f49b.jpg,p46b.jpg
f31b.jpg,p26b.jpg
f20b.jpg,p15b.jpg
f23b.jpg,p32b.jpg
f47b.jpg,p43b.jpg
f11b.jpg,p17b.jpg
f33b.jpg,p24b.jpg
f32b.jpg,p02b.jpg
f09b.jpg,p28b.jpg
f39b.jpg,p47b.jpg
f30b.jpg,p06b.jpg
f41b.jpg,p44b.jpg
f48b.jpg,p10b.jpg
f46b.jpg,p48b.jpg
f25b.jpg,p39b.jpg
