faces,places
f14a.jpg,p41a.jpg
f08a.jpg,p33a.jpg
f19a.jpg,p27a.jpg
f36a.jpg,p17a.jpg
f21a.jpg,p09a.jpg
f46a.jpg,p44a.jpg
f31a.jpg,p11a.jpg
f23a.jpg,p14a.jpg
f22a.jpg,p40a.jpg
f09a.jpg,p07a.jpg
f47a.jpg,p21a.jpg
f16a.jpg,p08a.jpg
f07a.jpg,p32a.jpg
f01a.jpg,p38a.jpg
f15a.jpg,p42a.jpg
f33a.jpg,p48a.jpg
f42a.jpg,p20a.jpg
f12a.jpg,p50a.jpg
f34a.jpg,p24a.jpg
f10a.jpg,p28a.jpg
f20a.jpg,p01a.jpg
f17a.jpg,p45a.jpg
f43a.jpg,p34a.jpg
f24a.jpg,p43a.jpg
f40a.jpg,p47a.jpg
f48a.jpg,p02a.jpg
f04a.jpg,p19a.jpg
f06a.jpg,p15a.jpg
f11a.jpg,p05a.jpg
f03a.jpg,p26a.jpg
f14b.jpg,p41b.jpg
f08b.jpg,p33b.jpg
f19b.jpg,p27b.jpg
f36b.jpg,p17b.jpg
f21b.jpg,p09b.jpg
f46b.jpg,p44b.jpg
f31b.jpg,p11b.jpg
f23b.jpg,p14b.jpg
f22b.jpg,p40b.jpg
f09b.jpg,p07b.jpg
f47b.jpg,p21b.jpg
f16b.jpg,p08b.jpg
f07b.jpg,p32b.jpg
f01b.jpg,p38b.jpg
f15b.jpg,p42b.jpg
f33b.jpg,p48b.jpg
f42b.jpg,p20b.jpg
f12b.jpg,p50b.jpg
f34b.jpg,p24b.jpg
f10b.jpg,p28b.jpg
f20b.jpg,p01b.jpg
f17b.jpg,p45b.jpg
f43b.jpg,p34b.jpg
f24b.jpg,p43b.jpg
f40b.jpg,p47b.jpg
f48b.jpg,p02b.jpg
f04b.jpg,p19b.jpg
f06b.jpg,p15b.jpg
f11b.jpg,p05b.jpg
f03b.jpg,p26b.jpg
